participant,proof,question,reasoning,visual queues used,steps viewed?,reasoning,type of understanding,misconception
elephant,S1_C1,Is there a mistake? [11],Thinks that SAS triangle congruence is incorrectly applied because of the way that the triangles are named not aligning with matching SAS.,"statement text, construction",step 5,wrong,geometric,thinks that the ordering of the name of the triangle is significant
elephant,S1_C1,Which step is wrong? [12],step 5,,,wrong,geometric,
elephant,S1_C1,Describe reasoning [13],"Thinks that 2 pieces of information are missing, wants to find information that would match the order laid out in the proof (so an additional pair of segments and pair of angles would need to be proven true in order for the proof to be correct).","statement text, construction",,wrong,geometric,misunderstanding reqs to describe SAS
elephant,S1_C1,enough info...SAS Triangle Congruence (step 5) bw steps 3 and 4? [3],Had trouble keeping track of the information that was known and was not sure if enough sides had been proven congruent by step 3. Did not catch the fact that there was no angle demonstrated.,"construction, tick marks",,wrong,"geometric, guess",got answer right but reasoning was based on fixation that SAS was incorrectly applied
elephant,S1_C1,enough info...Vertical Angles Theorem (step 4) bw steps 1 and 2? [2],bc lines are intersecting,earlier proof steps (text),step 2,right,geometric,
elephant,S1_C2,Is there a mistake? [11],walked through the whole proof and described each step geometrically. Nothing seemed to be wrong to them/pretty straightforward read of the proof.,"construction, tick marks, all proof text",,right,geometric,
elephant,S1_C2,Which step is wrong? [12],,,,,,
elephant,S1_C2,Describe reasoning [13],,,,,,
elephant,S1_C2,enough info...Congruent Adjacent Angles at step 5? [3],bc requirements for ASA have already been met,"tick marks, construction",step 9,right,"geometric, direct lookup",
elephant,S1_C2,enough info...ASA at step 7? [4],"bc lines are established as perp, can conclude","earlier proof steps (text), construction",step 5,right,geometric,
elephant,S1_IN1,Is there a mistake? [11],"found that proof established SSA and used SAS, immediately noticed red inconsistency and then investigated: ""what's that?""","inconsistency, tick marks, construction",step 4,right,geometric,
elephant,S1_IN1,Which step is wrong? [12],"looked through proof again, checked step 5 before concluding step 4 was using SSA again","construction, tick marks, inconsistency","step 4, step 5",right,geometric,
elephant,S1_IN1,Describe reasoning [13],"add BD=BD reflexive, then use SAS",construction,step 4,right,geometric,
elephant,S1_IN1,conclude BA congruent to CB? [2],"not necessarily congruent, don't have same # of ticks","construction, tick marks",step 4,right,"geometric, direct lookup",
elephant,S1_IN1, conclude <DBA congruent to <BCD? [3],not same number of ticks,"construction, tick marks",step 4,right,"geometric, direct lookup",
elephant,S1_IN2,Is there a mistake? [11],recognized that only 1 side and 1 angle were used for ASA,"tick marks, construction, inconsistency",step 5,right,geometric,
elephant,S1_IN2,Which step is wrong? [12],step 4 because red ? was next to step 4,"inconsistency, relies on",step 5,wrong,direct lookup,didn't fully keep track of state of proof geometrically and picked answer bc of misleading visual cue
elephant,S1_IN2,Describe reasoning [13],skipped many steps established lots of extra information to prove AAS,construction,step 5,wrong,geometric,too focused on proving with AAS instead of recognizing that RHL was already met
elephant,S1_IN2,conclude KL congruent to KM? [2],don't have to be congruent,"construction, tick marks",step 5,right,"geometric, direct lookup",
elephant,S1_IN2,enough info...Reflexive Property (step 4) bw steps 1 and 2? [1],MK is always going to = MK,statement text,step 1,right,geometric,
elephant,S1_IN3,Is there a mistake? [11],notices inconsistency,"inconsistency, tick marks, construction",step 4,right,geometric,
elephant,S1_IN3,Which step is wrong? [12],step 4,"inconsistency, tick marks, construction",step 4,right,geometric,
elephant,S1_IN3,Describe reasoning [13],"quad != rectangle, can't claim opp angles are equal. also would need more information to solve",construction,step 4,right,geometric,
elephant,S1_IN3,conclude KN congruent to ML? [3],same # ticks,"tick marks, construction",,right,"direct lookup, geometric",
elephant,S2_C2,Is there a mistake? [11],"Thinks SAS is incorrectly applied bc the marked segments/angles don't match the same order of the named triangle, then clicked No (accidentally?)","statement text, construction, tick marks",,wrong,"geometric, guess",misunderstanding reqs to describe SAS
elephant,S2_C2,Which step is wrong? [12],,,,,,
elephant,S2_C2,Describe reasoning [13],,,,,,
elephant,S2_C2,enough info...SAS Triangle Congruence (step 9) bw steps 7 and 8? [1],can't prove SAS without step 8,"construction, tick marks, relies on, earlier proof steps (text)","step 9, step 8",right,geometric,
elephant,S2_C2,conclude <BAF congruent to <DCB? [2],"not the same angle, by looking at construction",construction,step 8,right,"geometric, direct lookup",
elephant,S2_IN1,Is there a mistake? [11],angles in step 8 are not proven to be congruent before use,"tick marks, construction",step 8,right,geometric,
elephant,S2_IN1,Which step is wrong? [12],step 8,,,right,geometric,
elephant,S2_IN1,Describe reasoning [13],add LU=LU and use SAS instead,"construction, earlier proof steps (text)",step 9,right,geometric,
elephant,S2_IN1,conclude tLNU congruent to tUQL? [2],"could be true but wasn't correctly established by the proof, so no",earlier proof steps (text),,right,geometric,
elephant,S2_IN2,Is there a mistake? [11],"CPCTC incorrectly used, noticed inconsistency","inconsistency, construction, tick marks",step 7,right,geometric,
elephant,S2_IN2,Which step is wrong? [12],step 7,"inconsistency, construction, tick marks",step 7,right,geometric,
elephant,S2_IN2,Describe reasoning [13],use correct CPCTC and then alt-int angles,construction,step 8,right,geometric,
elephant,S2_IN2,enough info...Alternate Interior Angles (Converse) (step 8) bw steps 2 and 3? [1],not enough information to talk about parallel lines,earlier proof steps (text),step 8,right,geometric,
elephant,S2_IN2,conclude <MYZ congruent to <MWX? [2],angles are not the same,"construction, tick marks",step 8,right,geometric,
lemur,S1_C1,Is there a mistake? [11],everything seemed correct,"reason definition, construction, all proof text",,right,geometric,
lemur,S1_C1,Which step is wrong? [12],,,,,,
lemur,S1_C1,Describe reasoning [13],,,,,,
lemur,S1_C1,enough info...SAS Triangle Congruence (step 5) bw steps 3 and 4? [3],thought vertical angles had already been established,"construction, reason definition",,wrong,geometric,thought enough reqs were met for SAS
lemur,S1_C1,enough info...Vertical Angles Theorem (step 4) bw steps 1 and 2? [2],wasn't sure,construction,,,guess,didn't know that intersecting vert angles could be applied as long as there are intersecting lines
lemur,S1_C2,Is there a mistake? [11],checked over proof and convinced everything is correct,"construction, reason definition, all proof text",,right,geometric,
lemur,S1_C2,Which step is wrong? [12],,,,,,
lemur,S1_C2,Describe reasoning [13],,,,,,
lemur,S1_C2,enough info...Congruent Adjacent Angles at step 5? [3],enough info to apply cong adj angles knowing that lines are perpendicular. wasn't confident in answer,"statement text, construction",,right,"geometric, guess",
lemur,S1_C2,enough info...ASA at step 7? [4],"all reqs for ASA are met, not confident in answer","construction, earlier proof steps (text), tick marks",,right,geometric,
lemur,S1_IN1,Is there a mistake? [11],"no interior angle is defined before using SAS, should use SSS instead","all proof text, construction",,right,geometric,
lemur,S1_IN1,Which step is wrong? [12],no interior angle is defined before using SAS,"all proof text, construction",,right,geometric,
lemur,S1_IN1,Describe reasoning [13],thinks reason should be changed from SAS to SSS,construction,,wrong,geometric,doesn't realize reflexive step is needed for SSS
lemur,S1_IN1,conclude BA congruent to CB? [2],not same number of tick marks,"construction, tick marks",,right,"geometric, direct lookup",
lemur,S1_IN1, conclude <DBA congruent to <BCD? [3],if the triangles are congruent the 2 angles are congruent,"construction, earlier proof steps (text)",,wrong,geometric,misuse of CPCTC
lemur,S1_IN2,Is there a mistake? [11],AAS is the wrong reason to use,"construction, all proof text",,right,geometric,
lemur,S1_IN2,Which step is wrong? [12],step 5,"construction, all proof text",,right,geometric,
lemur,S1_IN2,Describe reasoning [13],should use SAS or SSA instead of AAS,,,wrong,geometric,doesn't realize SSA is not congruence theorem or that SAS doesn't work here
lemur,S1_IN2,conclude KL congruent to KM? [2],"MK is the same line as MK, unsure if there's enough proof.",all proof text,,right,"geometric, guess",
lemur,S1_IN2,enough info...Reflexive Property (step 4) bw steps 1 and 2? [1],not same # ticks,"construction, tick marks",,right,"geometric, direct lookup",
lemur,S1_IN3,Is there a mistake? [11],"thinks def quad = def rect and that there is no mistake, was confused about why angle N didn't have a 90 degree tick","tick marks, construction, all proof text",,wrong,geometric,thinks def quad = rect
lemur,S1_IN3,Which step is wrong? [12],,,,,,
lemur,S1_IN3,Describe reasoning [13],,,,,,
lemur,S1_IN3,conclude KN congruent to ML? [3],same # ticks,tick marks,,right,"geometric, direct lookup",
lemur,S2_C2,Is there a mistake? [11],"lost track of the number of sides and angles that were established to be congruent, thought there wasn't enough info","construction, all proof text",,wrong,geometric,
lemur,S2_C2,Which step is wrong? [12],step 9,,,wrong,geometric,
lemur,S2_C2,Describe reasoning [13],thought there wasn't enough info for SAS by step 9,"construction, all proof text",,wrong,geometric,
lemur,S2_C2,enough info...SAS Triangle Congruence (step 9) bw steps 7 and 8? [1],can't move step 9 before step 8 bc step 8 is one of the sides for SAS,earlier proof steps (text),,right,geometric,
lemur,S2_C2,conclude <BAF congruent to <DCB? [2],very different angles on construction,construction,,right,"geometric, direct lookup",
lemur,S2_IN1,Is there a mistake? [11],"thought there wasn't enough info to use ASA, accidentally selected no mistake","construction, all proof text",,wrong,geometric,
lemur,S2_IN1,Which step is wrong? [12],,,,,,
lemur,S2_IN1,Describe reasoning [13],,,,,,
lemur,S2_IN1,conclude tLNU congruent to tUQL? [2],"not enough info to prove congruent because thought there was an issue with ASA, picked Yes",,,wrong,geometric,
lemur,S2_IN2,Is there a mistake? [11],"thought not enough info to use SAS, but was very unsure","reason definition, construction, all proof text",,wrong,"geometric, guess",
lemur,S2_IN2,Which step is wrong? [12],step 6 because of SAS,,,wrong,"geometric, guess",
lemur,S2_IN2,Describe reasoning [13],verbally expressed that they were confused and didn't describe how to correct the proof,,,wrong,guess,
lemur,S2_IN2,enough info...Alternate Interior Angles (Converse) (step 8) bw steps 2 and 3? [1],not enough info to prove parallel,earlier proof steps (text),,right,geometric,
lemur,S2_IN2,conclude <MYZ congruent to <MWX? [2],bc triangles aren't congruent the angles cannot be proven congruent,"earlier proof steps (text), construction",,wrong,geometric,
capybara,S1_C1,Is there a mistake? [11],checks over proof 1 step at a time,"reason definition, construction, all proof text",,right,geometric,
capybara,S1_C1,Which step is wrong? [12],,,,,,
capybara,S1_C1,Describe reasoning [13],,,,,,
capybara,S1_C1,enough info...SAS Triangle Congruence (step 5) bw steps 3 and 4? [3],need vertical angles to prove SAS,,,right,geometric,
capybara,S1_C1,enough info...Vertical Angles Theorem (step 4) bw steps 1 and 2? [2],thinks so because the picture of construction and vertical angles theorem look about the same,"construction, reason def (illustration), reason definition",,right,geometric,
capybara,S1_C2,Is there a mistake? [11],think it all makes sense,"all proof text, construction",,right,geometric,
capybara,S1_C2,Which step is wrong? [12],,,,,,
capybara,S1_C2,Describe reasoning [13],,,,,,
capybara,S1_C2,enough info...Congruent Adjacent Angles at step 5? [3],yes bc lines are perpendicular,"construction, all proof text",,right,geometric,
capybara,S1_C2,enough info...ASA at step 7? [4],all reqs for ASA met at that point,"construction, earlier proof steps (text)",,right,geometric,
capybara,S1_IN1,Is there a mistake? [11],recognized SAS was an odd choice and that DB=DB wasn't stated,,,right,geometric,
capybara,S1_IN1,Which step is wrong? [12],step 4 bc SAS,,,right,geometric,
capybara,S1_IN1,Describe reasoning [13],thought that SSA should be used,,,wrong,geometric,SSA not triangle congruence theorem
capybara,S1_IN1,conclude BA congruent to CB? [2],different # of ticks,"tick marks, construction",,right,"geometric, direct lookup",
capybara,S1_IN1, conclude <DBA congruent to <BCD? [3],angles not necessarily congruent,"tick marks, construction",,right,"geometric, direct lookup",
capybara,S1_IN2,Is there a mistake? [11],"confidently thought the proof was right, didn't check over the reasons used","statement text, construction",,wrong,geometric,
capybara,S1_IN2,Which step is wrong? [12],,,,,,
capybara,S1_IN2,Describe reasoning [13],,,,,,
capybara,S1_IN2,conclude KL congruent to KM? [2],"not the same segments, different # ticks","construction, tick marks",,right,"geometric, direct lookup",
capybara,S1_IN2,enough info...Reflexive Property (step 4) bw steps 1 and 2? [1],yes because lines are congruent to themselves,"reason definition, earlier proof steps (text)",,right,geometric,
capybara,S1_IN3,Is there a mistake? [11],"thought quad == rectangle, didn't catch that right angles were not necessarily congruent","construction, tick marks, all proof text",,wrong,geometric,
capybara,S1_IN3,Which step is wrong? [12],,,,,,
capybara,S1_IN3,Describe reasoning [13],,,,,,
capybara,S1_IN3,conclude KN congruent to ML? [3],yes because construction/given says so,"tick marks, construction, given",,right,"geometric, direct lookup",
capybara,S2_C2,Is there a mistake? [11],proof matched expectations of how they would approach the proof themselves,,,right,geometric,
capybara,S2_C2,Which step is wrong? [12],,,,,,
capybara,S2_C2,Describe reasoning [13],,,,,,
capybara,S2_C2,enough info...SAS Triangle Congruence (step 9) bw steps 7 and 8? [1],need that AB=BC before using SAS,earlier proof steps (text),,right,geometric,
capybara,S2_C2,conclude <BAF congruent to <DCB? [2],they're different angles,"construction, tick marks",,right,"geometric, direct lookup",
capybara,S2_IN1,Is there a mistake? [11],didn't realize that step 8 didn't originate from triangles that were already demonstrated to be congruent,"construction, all proof text",,wrong,geometric,
capybara,S2_IN1,Which step is wrong? [12],,,,,,
capybara,S2_IN1,Describe reasoning [13],,,,,,
capybara,S2_IN1,conclude tLNU congruent to tUQL? [2],because ASA has already been used there's beforehand there's enough information,"earlier proof steps (text), construction",,wrong,geometric,confused about which triangles had been proven congruent by ASA
capybara,S2_IN2,Is there a mistake? [11],"thought <Y=<X instead of <Y=<W would be the normal thing to do. without tick marks thought that the visual squareness of the construction meant that an exception could be made. ""don't like it, but I don't see why it would be wrong""","construction, all proof text",,wrong,geometric,was mislead by the visual appearance of the construction (everything looks congruent)
capybara,S2_IN2,Which step is wrong? [12],,,,,,
capybara,S2_IN2,Describe reasoning [13],,,,,,
capybara,S2_IN2,enough info...Alternate Interior Angles (Converse) (step 8) bw steps 2 and 3? [1],thinks it would still work knowing just the midpoints,"earlier proof steps (text), construction",,wrong,geometric,
capybara,S2_IN2,conclude <MYZ congruent to <MWX? [2],because the proof says so,statement text,,wrong,"geometric, direct lookup",
hippo,S1_C1,Is there a mistake? [11],everything checked out after redrawing all the steps on scratch paper,"construction, all proof text, tick marks, redraw",,right,geometric,
hippo,S1_C1,Which step is wrong? [12],,,,,,
hippo,S1_C1,Describe reasoning [13],,,,,,
hippo,S1_C1,enough info...SAS Triangle Congruence (step 5) bw steps 3 and 4? [3],need vertical angles for SAS,earlier proof steps (text),,right,geometric,
hippo,S1_C1,enough info...Vertical Angles Theorem (step 4) bw steps 1 and 2? [2],lines are intersecting so there's enough info,earlier proof steps (text),,right,geometric,
hippo,S1_C2,Is there a mistake? [11],"thought that the naming of angles in step 3 were incorrect, didn't read past step 3","statement text, construction",,wrong,geometric,thinks that naming of congruent angles should match their corresponding points
hippo,S1_C2,Which step is wrong? [12],step 3,statement text,,wrong,geometric,thinks that naming of congruent angles should match their corresponding points
hippo,S1_C2,Describe reasoning [13],"the order of points should perfectly match between the two angles, so <ABD=<CBD instead of <ABD=<DBC",statement text,,wrong,geometric,thinks that when 2 angles are named as congruent the ordering of points in their names must exactly match
hippo,S1_C2,enough info...Congruent Adjacent Angles at step 5? [3],yes bc lines are perpendicular,"earlier proof steps (text), construction",,right,geometric,
hippo,S1_C2,enough info...ASA at step 7? [4],yes bc reqs for ASA are met,"earlier proof steps (text), construction, tick marks",,right,geometric,
hippo,S1_IN1,Is there a mistake? [11],CPCTC is claiming the wrong angles are congruent after redrawing triangles,"construction, tick marks, all proof text, redraw",,wrong,geometric,convinced that SAS was correctly applied and then incorrectly visualized the triangles rotating and mixed up which parts of triangles were corresponding
hippo,S1_IN1,Which step is wrong? [12],step 5,"construction, all proof text",,wrong,geometric,
hippo,S1_IN1,Describe reasoning [13],doesn't think proof can be corrected,"all proof text, construction",,wrong,,incorrectly visualized the triangles rotating and mixed up which angles were corresponding
hippo,S1_IN1,conclude BA congruent to CB? [2],not same # ticks,"tick marks, construction",,right,"geometric, direct lookup",
hippo,S1_IN1, conclude <DBA congruent to <BCD? [3],not same # ticks,"tick marks, construction",,right,"geometric, direct lookup",
hippo,S1_IN2,Is there a mistake? [11],thought the issue was AAS should be SSS,"construction, all proof text",,wrong,geometric,used some information that wasn't in the proof (what visually appeared true) to justify using SSS
hippo,S1_IN2,Which step is wrong? [12],step 5,,,right,geometric,
hippo,S1_IN2,Describe reasoning [13],wants to use SSA to fix,"construction, all proof text",,wrong,geometric,
hippo,S1_IN2,conclude KL congruent to KM? [2],not enough proof,"tick marks, construction",,right,"geometric, direct lookup",
hippo,S1_IN2,enough info...Reflexive Property (step 4) bw steps 1 and 2? [1],line can be reflexive with itself,earlier proof steps (text),,right,geometric,
hippo,S1_IN3,Is there a mistake? [11],visualized the construction mirroring over MK to check if congruent,"construction, all proof text, redraw",,wrong,geometric,assumed that things are congruent based on visual appearance in construction
hippo,S1_IN3,Which step is wrong? [12],,,,,,
hippo,S1_IN3,Describe reasoning [13],,,,,,
hippo,S1_IN3,conclude KN congruent to ML? [3],yes because it's given,"tick marks, given",,right,"geometric, direct lookup",
hippo,S2_C2,Is there a mistake? [11],"ABD not same as BCD, same as CBD",statement text,,wrong,geometric,initially looks at what visually appears to be true and if naming is inconsistent then it throws them off. after carefully explaining their reasoning they realized that the 2 triangles were actually the same.
hippo,S2_C2,Which step is wrong? [12],step 7,statement text,,wrong,geometric,thinks that naming of congruent triangles should match their corresponding points
hippo,S2_C2,Describe reasoning [13],change step 7 to ABD=CBD,statement text,,wrong,geometric,thinks that naming of congruent triangles should match their corresponding points
hippo,S2_C2,enough info...SAS Triangle Congruence (step 9) bw steps 7 and 8? [1],still need AB=BC,earlier proof steps (text),,right,geometric,
hippo,S2_C2,conclude <BAF congruent to <DCB? [2],"though visually they think it's true, the angles were not established to be congruent within the proof","construction, all proof text",,right,geometric,
hippo,S2_IN1,Is there a mistake? [11],checked over whole proof and thought that there was no issue,"all proof text, construction, redraw",,wrong,geometric,took step 8 at face value
hippo,S2_IN1,Which step is wrong? [12],,,,,,
hippo,S2_IN1,Describe reasoning [13],,,,,,
hippo,S2_IN1,conclude tLNU congruent to tUQL? [2],thought proof was right,"all proof text, construction",,wrong,geometric,"took step 8 at face value, thought proof was correct as result"
hippo,S2_IN2,Is there a mistake? [11],redrew the construction and didn't notice that the angles in step 7 are not necessarily equal,"all proof text, redraw",,wrong,geometric,incorrectly redrew and visualized the construction and took step 7 at face value
hippo,S2_IN2,Which step is wrong? [12],,,,,,
hippo,S2_IN2,Describe reasoning [13],,,,,,
hippo,S2_IN2,enough info...Alternate Interior Angles (Converse) (step 8) bw steps 2 and 3? [1],not enough information established yet,earlier proof steps (text),,right,geometric,
hippo,S2_IN2,conclude <MYZ congruent to <MWX? [2],bc proof is correct and it is statement 7 in the proof,all proof text,,wrong,geometric,thinks proof is correct
eagle,S1_C1,Is there a mistake? [11],"everything check out, not 100% confident","construction, all proof text",,right,geometric,
eagle,S1_C1,Which step is wrong? [12],,,,,,
eagle,S1_C1,Describe reasoning [13],,,,,,
eagle,S1_C1,enough info...SAS Triangle Congruence (step 5) bw steps 3 and 4? [3],thought that vertical angles had already been used,earlier proof steps (text),,wrong,geometric,assumed vertical angles had been established already
eagle,S1_C1,enough info...Vertical Angles Theorem (step 4) bw steps 1 and 2? [2],step 1 mentions intersection so there is enough info,"earlier proof steps (text), reason definition",,right,geometric,
eagle,S1_C2,Is there a mistake? [11],yes for unclear reasons,"construction, all proof text",,wrong,"geometric, guess",can't tell what the exact misconception is at this point
eagle,S1_C2,Which step is wrong? [12],"step 8 bc CPCTC talks about triangles while AD=DC is about segments, thinks there is mismatch between statement and the reason used","reason definition, construction, all proof text",,wrong,"geometric, guess",doesn't understand definition of CPCTC
eagle,S1_C2,Describe reasoning [13],ran out of time,,,,,
eagle,S1_C2,enough info...Congruent Adjacent Angles at step 5? [3],ran out of time,,,,,
eagle,S1_C2,enough info...ASA at step 7? [4],ran out of time,,,,,
eagle,S1_IN1,Is there a mistake? [11],"no, bc thinks all angles and sides match up so SAS and CPCTC are fine to use","tick marks, construction, all proof text, reason definition",,wrong,geometric,thought all angles and sides are congruent
eagle,S1_IN1,Which step is wrong? [12],,,,,,
eagle,S1_IN1,Describe reasoning [13],,,,,,
eagle,S1_IN1,conclude BA congruent to CB? [2],thinks that the segments could be congruent because of mirroring over the DB segment,"tick marks, construction",,wrong,"geometric, guess",thinks all angles and sides are congruent
eagle,S1_IN1, conclude <DBA congruent to <BCD? [3],yes bc thinks all lines and angles are equivalent,"tick marks, construction, all proof text",,wrong,geometric,thinks all angles and sides are congruent
eagle,S1_IN2,Is there a mistake? [11],"no, checked what AAS looked like but didn't realize that the proof hadn't established AAS","reason definition, reason def (illustration), construction, all proof text",,wrong,geometric,didn't keep track of whether AAS was the right reason to use
eagle,S1_IN2,Which step is wrong? [12],,,,,,
eagle,S1_IN2,Describe reasoning [13],,,,,,
eagle,S1_IN2,conclude KL congruent to KM? [2],"knows they are different lines, wasn't sure of answer","construction, tick marks",,right,"geometric, guess",
eagle,S1_IN2,enough info...Reflexive Property (step 4) bw steps 1 and 2? [1],"yes, any fig congruent with itself","reason definition, construction",,right,geometric,
eagle,S1_IN3,Is there a mistake? [11],"no, didn't catch any issues, thought def. quad was fine","reason definition, all proof text, construction",,wrong,geometric,thought quad == rectangle
eagle,S1_IN3,Which step is wrong? [12],,,,,,
eagle,S1_IN3,Describe reasoning [13],,,,,,
eagle,S1_IN3,conclude KN congruent to ML? [3],thinks so,"tick marks, construction",,right,"geometric, direct lookup",
eagle,S2_C2,Is there a mistake? [11],"no, nothing caught their attention","construction, tick marks, all proof text, reason definition",,right,geometric,
eagle,S2_C2,Which step is wrong? [12],,,,,,
eagle,S2_C2,Describe reasoning [13],,,,,,
eagle,S2_C2,enough info...SAS Triangle Congruence (step 9) bw steps 7 and 8? [1],got tripped up on whether AB=BC was correct or if it needed to be named AB=CB to match the orientation of points. ,,,wrong,"geometric, guess",
eagle,S2_C2,conclude <BAF congruent to <DCB? [2],traced out <BCG instead of <DCB,"tick marks, construction",,wrong,"geometric, direct lookup",
eagle,S2_IN1,Is there a mistake? [11],"didn't catch mistake during read-through, losing track of their place while reading the proof","reason definition, construction, all proof text",,wrong,geometric,didn't catch the mistake
eagle,S2_IN1,Which step is wrong? [12],,,,,,
eagle,S2_IN1,Describe reasoning [13],,,,,,
eagle,S2_IN1,conclude tLNU congruent to tUQL? [2],based answer on read-through,construction,,wrong,geometric,
eagle,S2_IN2,Is there a mistake? [11],"misread <MYZ=<MWX as <MZY=<MWX, so missed the mistake, otherwise followed the proof","tick marks, construction, reason definition, all proof text",,wrong,geometric,traced the wrong angles which influenced their reasoning
eagle,S2_IN2,Which step is wrong? [12],,,,,,
eagle,S2_IN2,Describe reasoning [13],,,,,,
eagle,S2_IN2,enough info...Alternate Interior Angles (Converse) (step 8) bw steps 2 and 3? [1],thinks that there is enough information based on only the setup (i.e. it looks like there are 2 parallel lines with a transversal so it must be possible to move the step),construction,,wrong,geometric,thinks that having a visually correct setup is enough to prove that the lines are parallel
eagle,S2_IN2,conclude <MYZ congruent to <MWX? [2],traced correct angles but still thought that they were congruent,construction,,wrong,geometric,traced the correct angles but believed that they visually looked correct
penguin,S1_C1,Is there a mistake? [11],"yes, accidentally picked answer?","construction, all proof text",,wrong,"geometric, guess",
penguin,S1_C1,Which step is wrong? [12],"picked step 5, thinks SAS is wrong reason","construction, all proof text",,wrong,geometric,
penguin,S1_C1,Describe reasoning [13],"pretty confused here, not sure what SAS is, thinks vertical angles was not established","construction, all proof text",,wrong,"geometric, guess",
penguin,S1_C1,enough info...SAS Triangle Congruence (step 5) bw steps 3 and 4? [3],"read def and is not confused anymore, thinks vert angles needed for SAS","reason definition, earlier proof steps (text), construction",,right,geometric,
penguin,S1_C1,enough info...Vertical Angles Theorem (step 4) bw steps 1 and 2? [2],thinks there's enough info,"reason definition, construction, earlier proof steps (text)",,right,geometric,
penguin,S1_C2,Is there a mistake? [11],"thinks proof is inefficient, there's too much unnecessary stuff",,,wrong,geometric,"doesn't realize that the reason why proof is ""too many steps"" is because everything is needed to derive the property of angle bisector within a triangle"
penguin,S1_C2,Which step is wrong? [12],starting from step 3 it becomes redundant,,,wrong,geometric,
penguin,S1_C2,Describe reasoning [13],thinks 3-8 is useless,,,wrong,geometric,
penguin,S1_C2,enough info...Congruent Adjacent Angles at step 5? [3],there's too much info,,,right,geometric,
penguin,S1_C2,enough info...ASA at step 7? [4],yes conditions for ASA are met,,,right,geometric,
penguin,S1_IN1,Is there a mistake? [11],"missed mistake, glossing over SAS","construction, all proof text",,wrong,geometric,thinks having 2 sides and angle is enough for SAS
penguin,S1_IN1,Which step is wrong? [12],,,,,,
penguin,S1_IN1,Describe reasoning [13],,,,,,
penguin,S1_IN1,conclude BA congruent to CB? [2],different # of ticks,"construction, tick marks",,right,"geometric, direct lookup",
penguin,S1_IN1, conclude <DBA congruent to <BCD? [3],different # of ticks,"construction, tick marks",,right,"geometric, direct lookup",
penguin,S1_IN2,Is there a mistake? [11],"missed mistake, glossing over AAS","construction, all proof text",,wrong,geometric,
penguin,S1_IN2,Which step is wrong? [12],,,,,,
penguin,S1_IN2,Describe reasoning [13],,,,,,
penguin,S1_IN2,conclude KL congruent to KM? [2],not the same line,"construction, tick marks",,right,"geometric, direct lookup",
penguin,S1_IN2,enough info...Reflexive Property (step 4) bw steps 1 and 2? [1],need that JK and LK are congruent to use reflexive prop,all proof text,,wrong,geometric,"misunderstanding about what reflexive prop is, thinks it's reflective prop (everything gets mirrored over the reflective axis)"
penguin,S1_IN3,Is there a mistake? [11],"missed mistake, and thought step 4 was extra","tick marks, construction, all proof text",,wrong,geometric,visually assumed that the quad was a rectangle
penguin,S1_IN3,Which step is wrong? [12],,,,,,
penguin,S1_IN3,Describe reasoning [13],,,,,,
penguin,S1_IN3,conclude KN congruent to ML? [3],it's given,given,,right,geometric,
penguin,S2_C2,Is there a mistake? [11],no because everything made sense even with extra steps,"construction, all proof text, tick marks",,right,geometric,
penguin,S2_C2,Which step is wrong? [12],,,,,,
penguin,S2_C2,Describe reasoning [13],,,,,,
penguin,S2_C2,enough info...SAS Triangle Congruence (step 9) bw steps 7 and 8? [1],yes bc thinks that any CPCTC step is useless,earlier proof steps (text),,wrong,geometric,believes that CPCTC never needs to be used
penguin,S2_C2,conclude <BAF congruent to <DCB? [2],completely different angles,construction,,right,geometric,
penguin,S2_IN1,Is there a mistake? [11],"yes, forgot what the proof is proving and misread some rows","construction, all proof text",,wrong,geometric,did not correctly keep track of the state of the proof
penguin,S2_IN1,Which step is wrong? [12],"step 6, thinks ASA should be AAS","construction, all proof text",,wrong,geometric,
penguin,S2_IN1,Describe reasoning [13],proposes changing step 6 ASA to AAS and moving step 6 right after the givens,,,wrong,geometric,
penguin,S2_IN1,conclude tLNU congruent to tUQL? [2],yes with a lot of extra information,earlier proof steps (text),,wrong,geometric,based on incorrect assumptions about state of the proof
penguin,S2_IN2,Is there a mistake? [11],"thinks step 6 and 7 are useless and don't add any information, thinks CPCTC is useless, but didn't read the proof carefully","reason definition, construction, all proof text",,wrong,geometric,
penguin,S2_IN2,Which step is wrong? [12],,,,,,
penguin,S2_IN2,Describe reasoning [13],,,,,,
penguin,S2_IN2,enough info...Alternate Interior Angles (Converse) (step 8) bw steps 2 and 3? [1],"""picture gives so much more information than the proof"", but still understands that some steps must be necessary before using alt-int angles","construction, earlier proof steps (text)",,right,geometric,
penguin,S2_IN2,conclude <MYZ congruent to <MWX? [2],correctly identified what the appropriate angles would be,construction,,right,geometric,
hedgehog,S1_C1,Is there a mistake? [11],no issues,,,,,
hedgehog,S1_C1,Which step is wrong? [12],,,,,,
hedgehog,S1_C1,Describe reasoning [13],,,,,,
hedgehog,S1_C1,enough info...SAS Triangle Congruence (step 5) bw steps 3 and 4? [3],needs vertical angles to apply SAS,"earlier proof steps (text), relies on",step 5,right,"geometric, direct lookup",
hedgehog,S1_C1,enough info...Vertical Angles Theorem (step 4) bw steps 1 and 2? [2],vertical angles can be applied after intersecting lines,earlier proof steps (text),step 1,right,geometric,
hedgehog,S1_C2,Is there a mistake? [11],no issues,"construction, all proof text",,right,geometric,
hedgehog,S1_C2,Which step is wrong? [12],,,,,,
hedgehog,S1_C2,Describe reasoning [13],,,,,,
hedgehog,S1_C2,enough info...Congruent Adjacent Angles at step 5? [3],yes bc relies on parallel lines,"relies on, earlier proof steps (text)",step 5,right,"geometric, direct lookup",
hedgehog,S1_C2,enough info...ASA at step 7? [4],yes bc reqs for ASA are met,"relies on, earlier proof steps (text)",step 7,right,"geometric, direct lookup",
hedgehog,S1_IN1,Is there a mistake? [11],"yes, SAS is wrong","construction, all proof text, inconsistency",step 4,right,"geometric, direct lookup",
hedgehog,S1_IN1,Which step is wrong? [12],step 4 bc SAS is wrong,"inconsistency, relies on, construction",step 4,,,
hedgehog,S1_IN1,Describe reasoning [13],thinks rows 4 and 5 should be switched,"tick marks, construction","step 4, step 5",wrong,geometric,sees that the angles they wanted to use for SAS are established in step 5 w/o noticing dependency on step 4
hedgehog,S1_IN1,conclude BA congruent to CB? [2],different ticks,"tick marks, construction",step 5,right,"geometric, direct lookup",
hedgehog,S1_IN1, conclude <DBA congruent to <BCD? [3],"yes, misread the angles","tick marks, construction",step 5,wrong,"geometric, direct lookup",
hedgehog,S1_IN2,Is there a mistake? [11],"yes, step 5 is wrong","inconsistency, construction, all proof text","step 4, step 5",right,"geometric, direct lookup",
hedgehog,S1_IN2,Which step is wrong? [12],step 5 bc not enough information for AAS,"inconsistency, construction, tick marks",step 5,right,"geometric, direct lookup",
hedgehog,S1_IN2,Describe reasoning [13],thinks SSA would be the right fix,"construction, tick marks",step 5,wrong,geometric,SSA not a valid triangle congruence theorem
hedgehog,S1_IN2,conclude KL congruent to KM? [2],different ticks,"construction, tick marks",step 5,right,"geometric, direct lookup",
hedgehog,S1_IN2,enough info...Reflexive Property (step 4) bw steps 1 and 2? [1],reflexive can go anywhere,earlier proof steps (text),step 5,right,geometric,
hedgehog,S1_IN3,Is there a mistake? [11],yes bc quad != rect,"inconsistency, tick marks, construction","step 6, step 4",right,"geometric, direct lookup",
hedgehog,S1_IN3,Which step is wrong? [12],step 4 bc quadrilateral is 4 sides and 2 angles might not necessarily be equal,inconsistency,step 4,,,
hedgehog,S1_IN3,Describe reasoning [13],cannot be fixed,,"step 6, step 4",right,geometric,
hedgehog,S1_IN3,conclude KN congruent to ML? [3],yes bc given,tick marks,step 4,right,"geometric, direct lookup",
hedgehog,S2_C2,Is there a mistake? [11],no issues,"construction, all proof text, relies on",,right,geometric,
hedgehog,S2_C2,Which step is wrong? [12],,,,,,
hedgehog,S2_C2,Describe reasoning [13],,,,,,
hedgehog,S2_C2,enough info...SAS Triangle Congruence (step 9) bw steps 7 and 8? [1],no bc information is not yet established,"relies on, earlier proof steps (text), tick marks, construction","step 9, step 7, step 8",right,"geometric, direct lookup",
hedgehog,S2_C2,conclude <BAF congruent to <DCB? [2],no bc different angles,"construction, tick marks",step 10,right,"geometric, direct lookup",
hedgehog,S2_IN1,Is there a mistake? [11],"yes, bc missing requirement for triangle congruence","construction, tick marks, all proof text",step 7,wrong,geometric,
hedgehog,S2_IN1,Which step is wrong? [12],"step 7, doesn't think SLP=SUP could be established without more information","construction, tick marks",step 7,wrong,geometric,
hedgehog,S2_IN1,Describe reasoning [13],missing a side NP=QP to make ASA work,"construction, tick marks",step 7,wrong,geometric,lost track of what was being used to prove ASA
hedgehog,S2_IN1,conclude tLNU congruent to tUQL? [2],misread LNU and UQL as NLU and QUL and thought they were angles instead of triangles,"construction, tick marks",step 7,wrong,"geometric, direct lookup",located the wrong objects on construction
hedgehog,S2_IN2,Is there a mistake? [11],"yes, bc missing requirement for step 8","reason definition, inconsistency, construction, relies on","step 7, step 8",wrong,"geometric, direct lookup",
hedgehog,S2_IN2,Which step is wrong? [12],step 8 bc not enough information for alt-int angles,"inconsistency, construction, relies on",step 8,wrong,"geometric, direct lookup",
hedgehog,S2_IN2,Describe reasoning [13],doesn't understand why the angles are being defined with CPCTC so not really sure where the mistake is,"relies on, inconsistency, construction",step 8,wrong,geometric,
hedgehog,S2_IN2,enough info...Alternate Interior Angles (Converse) (step 8) bw steps 2 and 3? [1],didn't vocalize reasoning,construction,"step 1, step 2",unknown,unknown,
hedgehog,S2_IN2,conclude <MYZ congruent to <MWX? [2],not the same angles,"tick marks, construction",step 8,right,"geometric, direct lookup",
rhino,S1_C1,Is there a mistake? [11],no reasoning,,step 7,wrong,guess,post-hoc said they didn't know how to find a mistake so they said no for every proof
rhino,S1_C1,Which step is wrong? [12],,,,,,
rhino,S1_C1,Describe reasoning [13],,,,,,
rhino,S1_C1,enough info...SAS Triangle Congruence (step 5) bw steps 3 and 4? [3],yes bc you can see enough tick marks on the diagram,"tick marks, construction",step 5,wrong,"geometric, direct lookup","visually determining if lines and angles are the same length, mislead bc there were enough tick marks at step 5 but there wouldn't have been after step 3"
rhino,S1_C1,enough info...Vertical Angles Theorem (step 4) bw steps 1 and 2? [2],yes bc reflexive is always true,,step 4,right,"geometric, direct lookup",
rhino,S1_C2,Is there a mistake? [11],"no, no reasoning",,step 9,wrong,guess,post-hoc said they didn't know how to find a mistake so they said no for every proof
rhino,S1_C2,Which step is wrong? [12],,,,,,
rhino,S1_C2,Describe reasoning [13],,,,,,
rhino,S1_C2,enough info...Congruent Adjacent Angles at step 5? [3],"yes, thinks that congruent adjacent angles needs to know AD and DC are the same length",,step 5,wrong,geometric,thinks that adj-angles needs to be based on congruent segments
rhino,S1_C2,enough info...ASA at step 7? [4],"yes, no reason expressed",,step 7,unknown,,
rhino,S1_IN1,Is there a mistake? [11],no reasoning,,step 5,wrong,guess,post-hoc said they didn't know how to find a mistake so they said no for every proof
rhino,S1_IN1,Which step is wrong? [12],,,,,,
rhino,S1_IN1,Describe reasoning [13],,,,,,
rhino,S1_IN1,conclude BA congruent to CB? [2],same # ticks,,step 5,unknown,unknown,
rhino,S1_IN1, conclude <DBA congruent to <BCD? [3],no reasoning,,step 5,unknown,unknown,
rhino,S1_IN2,Is there a mistake? [11],"saw red inconsistency at step 5, still isn't sure why proof is wrong","inconsistency, relies on","step 5, step 3, step 4",wrong,direct lookup,assumed that the problem was with reflexive property because of the red inconsistency
rhino,S1_IN2,Which step is wrong? [12],picked step 4 because of the question and also thinks there's a missing step,"relies on, inconsistency",step 5,wrong,direct lookup,assumed that the problem was with reflexive property because of the red inconsistency
rhino,S1_IN2,Describe reasoning [13],need JM and ML to be congruent,"construction, tick marks",step 5,wrong,geometric,doesn't recognize RHL or the fact that AAS was the wrong reason to use in the first place
rhino,S1_IN2,conclude KL congruent to KM? [2],no bc different lines,"construction, tick marks",step 5,right,"geometric, direct lookup",
rhino,S1_IN2,enough info...Reflexive Property (step 4) bw steps 1 and 2? [1],yes bc enough info for reflexive,earlier proof steps (text),step 5,right,geometric,
rhino,S1_IN3,Is there a mistake? [11],"no idea, didn't notice the inconsistency after viewing step 3. jumped straight to step 5 initially","reason definition, construction, tick marks, all proof text","step 5, step 3",wrong,guess,post-hoc said they didn't know how to find a mistake so they said no for every proof
rhino,S1_IN3,Which step is wrong? [12],,,,,,
rhino,S1_IN3,Describe reasoning [13],,,,,,
rhino,S1_IN3,conclude KN congruent to ML? [3],yes bc they're the same line,"construction, tick marks",step 5,right,"geometric, direct lookup",
rhino,S2_C2,Is there a mistake? [11],no reasoning,,step 10,wrong,guess,post-hoc said they didn't know how to find a mistake so they said no for every proof
rhino,S2_C2,Which step is wrong? [12],,,,,,
rhino,S2_C2,Describe reasoning [13],,,,,,
rhino,S2_C2,enough info...SAS Triangle Congruence (step 9) bw steps 7 and 8? [1],no bc need to know AB and BC are congruent before you can use SAS,"construction, relies on, earlier proof steps (text)",step 9,right,"geometric, direct lookup",
rhino,S2_C2,conclude <BAF congruent to <DCB? [2],no bc tick marks are different and FB doesn't equal DC,"construction, tick marks",step 10,right,"geometric, direct lookup",
rhino,S2_IN1,Is there a mistake? [11],"no reasoning ""i can never tell if there's a mistake, it's hard to go through and see how to get to it""",,step 9,wrong,guess,post-hoc said they didn't know how to find a mistake so they said no for every proof
rhino,S2_IN1,Which step is wrong? [12],,,,,,
rhino,S2_IN1,Describe reasoning [13],,,,,,
rhino,S2_IN1,conclude tLNU congruent to tUQL? [2],yes bc you have congruent sides and 1 angle which is enough to prove,"construction, tick marks",step 9,wrong,"geometric, direct lookup",visually determining if lines and angles are the same length
rhino,S2_IN2,Is there a mistake? [11],no reasoning,,step 8,wrong,guess,post-hoc said they didn't know how to find a mistake so they said no for every proof
rhino,S2_IN2,Which step is wrong? [12],,,,,,
rhino,S2_IN2,Describe reasoning [13],,,,,,
rhino,S2_IN2,enough info...Alternate Interior Angles (Converse) (step 8) bw steps 2 and 3? [1],YX WZ are the same length and is the same and WX and YZ have to be the same length,"construction, tick marks",step 8,wrong,geometric,visually determining if lines and angles are the same length
rhino,S2_IN2,conclude <MYZ congruent to <MWX? [2],yes because all the angles are the same,"construction, tick marks",step 8,wrong,geometric,visually determining if lines and angles are the same length
giraffe,S1_C1,Is there a mistake? [11],"no mistake, no issues","construction, all proof text, relies on",step 7,right,geometric,
giraffe,S1_C1,Which step is wrong? [12],,,,,,
giraffe,S1_C1,Describe reasoning [13],,,,,,
giraffe,S1_C1,enough info...SAS Triangle Congruence (step 5) bw steps 3 and 4? [3],"no reasoning, speeding",,step 5,wrong,unknown,
giraffe,S1_C1,enough info...Vertical Angles Theorem (step 4) bw steps 1 and 2? [2],thought congruence was needed for vertical angles,,step 4,wrong,geometric,
giraffe,S1_C2,Is there a mistake? [11],no mistake,"construction, all proof text, relies on",,right,geometric,
giraffe,S1_C2,Which step is wrong? [12],,,,,,
giraffe,S1_C2,Describe reasoning [13],,,,,,
giraffe,S1_C2,enough info...Congruent Adjacent Angles at step 5? [3],yes bc lines are perp,"construction, relies on, tick marks, all proof text",step 5,right,"geometric, direct lookup",
giraffe,S1_C2,enough info...ASA at step 7? [4],yes bc ASA conditions are met,"construction, relies on, all proof text, tick marks",step 7,right,"geometric, direct lookup",
giraffe,S1_IN1,Is there a mistake? [11],yes there's a problem with using SAS,"construction, tick marks, reason definition, all proof text, relies on, inconsistency",step 5,right,"geometric, direct lookup",
giraffe,S1_IN1,Which step is wrong? [12],step 4 bc SAS is the wrong reason,"construction, inconsistency, tick marks",step 5,right,"geometric, direct lookup",
giraffe,S1_IN1,Describe reasoning [13],use SSA as a fix because the angle is wrong,,,wrong,geometric,SSA not triangle congruence theorem
giraffe,S1_IN1,conclude BA congruent to CB? [2],"no reasoning, looked at construction, maybe misreading",construction,step 5,wrong,unknown,
giraffe,S1_IN1, conclude <DBA congruent to <BCD? [3],"no reasoning, looked at construction, maybe misreading",construction,step 5,wrong,unknown,
giraffe,S1_IN2,Is there a mistake? [11],AAS is the wrong theorem to use,"inconsistency, relies on, construction, all proof text",step 5,right,"geometric, direct lookup",
giraffe,S1_IN2,Which step is wrong? [12],step 5 bc AAS is not correct triangle congruence theorem,"construction, tick marks",step 5,right,geometric,
giraffe,S1_IN2,Describe reasoning [13],"can't remember if SSA is valid theorem, if it was it could be used","construction, tick marks",step 5,wrong,geometric,SSA not triangle congruence theorem
giraffe,S1_IN2,conclude KL congruent to KM? [2],no bc different lines,"construction, tick marks",step 4,right,"geometric, direct lookup",
giraffe,S1_IN2,enough info...Reflexive Property (step 4) bw steps 1 and 2? [1],reflexive can be applied anywhere,,step 4,right,geometric,
giraffe,S1_IN3,Is there a mistake? [11],problem is that quad != rectangle,"inconsistency, construction, tick marks, all proof text",step 4,right,"geometric, direct lookup",
giraffe,S1_IN3,Which step is wrong? [12],step 4 bc quad != rect,"inconsistency, tick marks",step 4,right,"geometric, direct lookup",
giraffe,S1_IN3,Describe reasoning [13],can't be fixed without changing givens,"given, construction",step 4,right,geometric,
giraffe,S1_IN3,conclude KN congruent to ML? [3],yes bc same ticks,"construction, tick marks",step 4,right,"geometric, direct lookup",
giraffe,S2_C2,Is there a mistake? [11],no issues,"construction, relies on, all proof text",,right,geometric,
giraffe,S2_C2,Which step is wrong? [12],,,,,,
giraffe,S2_C2,Describe reasoning [13],,,,,,
giraffe,S2_C2,enough info...SAS Triangle Congruence (step 9) bw steps 7 and 8? [1],"checked step 7 instead of step 9, speeding","construction, earlier proof steps (text)",step 7,wrong,geometric,checked SAS at step 7 instead of step 9
giraffe,S2_C2,conclude <BAF congruent to <DCB? [2],not the same angles,construction,,right,"geometric, direct lookup",
giraffe,S2_IN1,Is there a mistake? [11],"sees the inconsistency, took a while to understand what was wrong. but yes, bc the angles can't be established at step 8","tick marks, construction, inconsistency, all proof text",step 8,right,"geometric, direct lookup",
giraffe,S2_IN1,Which step is wrong? [12],step 8 bc the triangles are not congruent yet,"inconsistency, construction, tick marks",step 8,right,"geometric, direct lookup",
giraffe,S2_IN1,Describe reasoning [13],could use reflexive and SAS,"construction, tick marks",step 1,right,geometric,
giraffe,S2_IN1,conclude tLNU congruent to tUQL? [2],speeding and no reasoning,,step 1,wrong,unknown,
giraffe,S2_IN2,Is there a mistake? [11],can't see what the problem is even though they know there's an inconsistency,"construction, tick marks, inconsistency",,wrong,geometric,"thinks CPCTC is correctly applied, assuming that all the angles are congruent to each other"
giraffe,S2_IN2,Which step is wrong? [12],,,,,,
giraffe,S2_IN2,Describe reasoning [13],,,,,,
giraffe,S2_IN2,enough info...Alternate Interior Angles (Converse) (step 8) bw steps 2 and 3? [1],"no reasoning, speeding",,step 2,wrong,unknown,
giraffe,S2_IN2,conclude <MYZ congruent to <MWX? [2],recognizes which angles should be the correct pair,"construction, tick marks",step 8,right,"geometric, direct lookup",
peacock,S1_C1,Is there a mistake? [11],proof looks right,,step 7,,,
peacock,S1_C1,Which step is wrong? [12],,,,,,
peacock,S1_C1,Describe reasoning [13],,,,,,
peacock,S1_C1,enough info...SAS Triangle Congruence (step 5) bw steps 3 and 4? [3],not enough information,"construction, earlier proof steps (text)",step 7,right,geometric,
peacock,S1_C1,enough info...Vertical Angles Theorem (step 4) bw steps 1 and 2? [2],"yes, bc just need intersecting lines","construction, earlier proof steps (text)",step 7,right,geometric,
peacock,S1_C2,Is there a mistake? [11],proof looks right,"construction, tick marks, all proof text",step 7,right,geometric,
peacock,S1_C2,Which step is wrong? [12],,,,,,
peacock,S1_C2,Describe reasoning [13],,,,,,
peacock,S1_C2,enough info...Congruent Adjacent Angles at step 5? [3],"would have that the lines are perp, so yes","relies on, earlier proof steps (text)",step 4,right,"geometric, direct lookup",
peacock,S1_C2,enough info...ASA at step 7? [4],enough info for ASA,"relies on, earlier proof steps (text)",step 6,right,"geometric, direct lookup",
peacock,S1_IN1,Is there a mistake? [11],yes bc step 4 tries to use SAS,"construction, inconsistency, all proof text",step 4,right,geometric,
peacock,S1_IN1,Which step is wrong? [12],step 4 uses SAS,"construction, inconsistency, all proof text",step 4,right,geometric,
peacock,S1_IN1,Describe reasoning [13],reflexive BD and use SAS,"construction, tick marks",step 4,right,geometric,
peacock,S1_IN1,conclude BA congruent to CB? [2],not enough to prove equilateral triangles,"construction, tick marks",step 4,right,"geometric, direct lookup",
peacock,S1_IN1, conclude <DBA congruent to <BCD? [3],not enough info,"construction, tick marks",step 4,right,"geometric, direct lookup",
peacock,S1_IN2,Is there a mistake? [11],"using AAS is wrong, didn't match up with what they were keeping track of while reading the proof","construction, tick marks, inconsistency, all proof text",step 5,right,geometric,
peacock,S1_IN2,Which step is wrong? [12],step 5 bc AAS is wrong,all proof text,step 5,right,geometric,
peacock,S1_IN2,Describe reasoning [13],"know angle K is bisected by MK, delete reflexive step, then you can use AAS ","construction, all proof text",step 5,right,geometric,
peacock,S1_IN2,conclude KL congruent to KM? [2],different lines,construction,step 1,right,"geometric, direct lookup",
peacock,S1_IN2,enough info...Reflexive Property (step 4) bw steps 1 and 2? [1],yes bc reflexive can go anywhere,,step 1,right,geometric,
peacock,S1_IN3,Is there a mistake? [11],needs some steps to get there because def quad is not right reason,"construction, inconsistency, all proof text",step 4,right,geometric,
peacock,S1_IN3,Which step is wrong? [12],step 4 bc def quad is not right reason,"construction, inconsistency",step 4,right,geometric,
peacock,S1_IN3,Describe reasoning [13],doesn't think they can correct the proof but they're not sure if it can be corrected,construction,step 4,right,"geometric, guess",
peacock,S1_IN3,conclude KN congruent to ML? [3],"said no, rushed",,,wrong,unknown,
peacock,S2_C2,Is there a mistake? [11],everything checked out,"construction, all proof text",step 10,right,geometric,
peacock,S2_C2,Which step is wrong? [12],,,,,,
peacock,S2_C2,Describe reasoning [13],,,,,,
peacock,S2_C2,enough info...SAS Triangle Congruence (step 9) bw steps 7 and 8? [1],"angle and a side, but missing a side, so no","construction, tick marks, earlier proof steps (text)",step 7,right,geometric,
peacock,S2_C2,conclude <BAF congruent to <DCB? [2],"doesn't think so, not sure",construction,step 7,right,"geometric, guess",
peacock,S2_IN1,Is there a mistake? [11],haven't said that the triangles are congruent yet so there's a mistake,"construction, inconsistency, all proof text",step 8,right,"geometric, direct lookup",
peacock,S2_IN1,Which step is wrong? [12],step 8 had a weird angle,"construction, tick marks",step 7,right,"geometric, direct lookup",
peacock,S2_IN1,Describe reasoning [13],LU reflexive and use SAS,construction,step 7,right,geometric,
peacock,S2_IN1,conclude tLNU congruent to tUQL? [2],no because proof isn't correct,,step 7,right,geometric,
peacock,S2_IN2,Is there a mistake? [11],issue with step 7 because angles are incorrect,"inconsistency, relies on, construction, tick marks, all proof text","step 7, step 8",right,"geometric, direct lookup",
peacock,S2_IN2,Which step is wrong? [12],step 7 bc angles are not correct,"inconsistency, all proof text",step 7,right,"geometric, direct lookup",
peacock,S2_IN2,Describe reasoning [13],angle Y=X gives you opposite interior angles,construction,step 7,right,geometric,
peacock,S2_IN2,enough info...Alternate Interior Angles (Converse) (step 8) bw steps 2 and 3? [1],"no, guess",,,wrong,guess,
peacock,S2_IN2,conclude <MYZ congruent to <MWX? [2],"no, because they're different angles","construction, tick marks",step 7,right,"geometric, direct lookup",
lion,S1_C1,Is there a mistake? [11],"no issues with the proof, triangles are mirror image of each other so the angles are the same","construction, all proof text, tick marks",step 7,right,geometric,
lion,S1_C1,Which step is wrong? [12],,,,,,
lion,S1_C1,Describe reasoning [13],,,,,,
lion,S1_C1,enough info...SAS Triangle Congruence (step 5) bw steps 3 and 4? [3],no bc didn't have vertical angles,"relies on, earlier proof steps (text)",step 4,right,"geometric, direct lookup",
lion,S1_C1,enough info...Vertical Angles Theorem (step 4) bw steps 1 and 2? [2],yes bc had intersecting lines,"relies on, earlier proof steps (text)",step 1,right,"geometric, direct lookup",
lion,S1_C2,Is there a mistake? [11],no issues with the proof,"construction, all proof text, reason definition",step 9,right,geometric,
lion,S1_C2,Which step is wrong? [12],,,,,,
lion,S1_C2,Describe reasoning [13],,,,,,
lion,S1_C2,enough info...Congruent Adjacent Angles at step 5? [3],already said lines perp so yes,all proof text,step 9,right,geometric,
lion,S1_C2,enough info...ASA at step 7? [4],"yes, because that's what they did as well",earlier proof steps (text),step 5,right,geometric,
lion,S1_IN1,Is there a mistake? [11],"sees the inconsistency (red lost its meaning here), doesn't recognize that the angles are not established. solved the proof in their head and was convinced that there was enough information to apply SAS","construction, relies on, inconsistency, all proof text",step 5,wrong,geometric,missed that BD had not been established yet and jumped to conclude that SAS was correct reason
lion,S1_IN1,Which step is wrong? [12],,,,,,
lion,S1_IN1,Describe reasoning [13],,,,,,
lion,S1_IN1,conclude BA congruent to CB? [2],triangles are not established to be equilateral,"construction, all proof text",step 3,right,geometric,
lion,S1_IN1, conclude <DBA congruent to <BCD? [3],triangles are not established to be equilateral,"construction, all proof text",step 3,right,geometric,
lion,S1_IN2,Is there a mistake? [11],never established that corner angles are same,"inconsistency, all proof text, construction",step 5,right,"geometric, direct lookup",
lion,S1_IN2,Which step is wrong? [12],step 5 bc AAS is wrong,earlier proof steps (text),step 5,right,geometric,
lion,S1_IN2,Describe reasoning [13],add step for < bisector and use SAS to solve,"construction, tick marks","step 1, step 2",right,geometric,
lion,S1_IN2,conclude KL congruent to KM? [2],"no, bc hypotenuse is always going to be bigger",construction,step 1,right,geometric,
lion,S1_IN2,enough info...Reflexive Property (step 4) bw steps 1 and 2? [1],"yes, line is always equal to itself",construction,step 2,right,geometric,
lion,S1_IN3,Is there a mistake? [11],thinks that quad == rectangle,"construction, tick marks, reason definition",step 4,wrong,geometric,quad != rectangle
lion,S1_IN3,Which step is wrong? [12],,,,,,
lion,S1_IN3,Describe reasoning [13],,,,,,
lion,S1_IN3,conclude KN congruent to ML? [3],"if quad, then there must be 2 pairs of equal sides","construction, reason definition",step 4,wrong,geometric,quad != rectangle
lion,S2_C2,Is there a mistake? [11],no issue with proof,"construction, all proof text, tick marks",step 10,,,
lion,S2_C2,Which step is wrong? [12],,,,,,
lion,S2_C2,Describe reasoning [13],,,,,,
lion,S2_C2,enough info...SAS Triangle Congruence (step 9) bw steps 7 and 8? [1],needs AB=BC to prove,"construction, tick marks",step 7,right,"geometric, direct lookup",
lion,S2_C2,conclude <BAF congruent to <DCB? [2],different angles,construction,step 7,right,geometric,
lion,S2_IN1,Is there a mistake? [11],"know that information is missing, thinks angle L and U are missing","inconsistency, construction, all proof text",step 8,wrong,geometric,trying to solve for the wrong triangles
lion,S2_IN1,Which step is wrong? [12],"step 7, confused about which triangles are being proven congruent","all proof text, construction",step 7,wrong,geometric,trying to solve for the wrong triangles
lion,S2_IN1,Describe reasoning [13],subtract angles from each other and use some intersecting lines to get more angles to prove that smaller triangles are congruent,construction,step 7,wrong,geometric,trying to solve for the wrong triangles
lion,S2_IN1,conclude tLNU congruent to tUQL? [2],no bc proof wasn't correct,,step 7,right,geometric,
lion,S2_IN2,Is there a mistake? [11],"ignored the red inconsistency, said ""there's definitely a mistake but i missed it""","reason definition, all proof text, inconsistency, construction",step 8,wrong,"geometric, guess",
lion,S2_IN2,Which step is wrong? [12],,,,,,
lion,S2_IN2,Describe reasoning [13],,,,,,
lion,S2_IN2,enough info...Alternate Interior Angles (Converse) (step 8) bw steps 2 and 3? [1],no bc there's not enough information,earlier proof steps (text),step 1,right,geometric,
lion,S2_IN2,conclude <MYZ congruent to <MWX? [2],yes bc of alternate interior angles,construction,step 2,wrong,geometric,thinks that both pairs of alt-int angles are congruent to each other